Date,Store_ID,Region,Product_Category,Customer_Segment,Units_Sold,Unit_Price,Total_Revenue
2022-01-01 00:00:00.000000000,S018,East,Electronics,Standard,78,429.72,33518.16
2022-01-01 17:30:48.648648648,S003,West,Electronics,Budget,46,498.83,22946.18
2022-01-02 11:01:37.297297297,S013,North,Electronics,Standard,141,124.54,17560.14
2022-01-03 04:32:25.945945945,S011,East,Sports,Standard,3,24.97,74.91
2022-01-03 22:03:14.594594594,S017,East,Furniture,Budget,6,208.54,1251.24
2022-01-04 15:34:03.243243243,S013,West,Sports,Premium,93,69.39,6453.27
2022-01-05 09:04:51.891891891,S006,North,Furniture,Budget,8,16.1,128.8
2022-01-06 02:35:40.540540540,S017,North,Sports,Premium,172,183.41,31546.52
2022-01-06 20:06:29.189189189,S013,East,Sports,Budget,108,392.95,42438.6
2022-01-07 13:37:17.837837837,S019,South,Food,Budget,161,285.26,45926.86
2022-01-08 07:08:06.486486486,S019,East,Sports,Standard,75,159.83,11987.25
2022-01-09 00:38:55.135135135,S010,East,Clothing,Premium,77,328.9,25325.3
2022-01-09 18:09:43.783783783,S003,East,Food,Standard,50,119.85,5992.5
2022-01-10 11:40:32.432432432,S014,East,Sports,Premium,11,12.12,133.32
2022-01-11 05:11:21.081081081,S019,West,Electronics,Budget,95,383.35,36418.25
2022-01-11 22:42:09.729729729,S005,North,Clothing,Budget,156,313.75,48945.0
2022-01-12 16:12:58.378378378,S005,West,Clothing,Premium,70,382.34,26763.8
2022-01-13 09:43:47.027027027,S020,West,Clothing,Standard,169,24.27,4101.63
2022-01-14 03:14:35.675675675,S017,West,Food,Standard,16,419.37,6709.92
2022-01-14 20:45:24.324324324,S010,East,Sports,Standard,68,311.67,21193.56
2022-01-15 14:16:12.972972973,S005,South,Sports,Standard,99,283.88,28104.12
2022-01-16 07:47:01.621621621,S004,North,Electronics,Budget,48,314.18,15080.64
2022-01-17 01:17:50.270270270,S006,South,Electronics,Budget,184,432.89,79651.76
2022-01-17 18:48:38.918918919,S004,West,Clothing,Budget,64,295.53,18913.92
2022-01-18 12:19:27.567567567,S007,West,Electronics,Budget,187,292.57,54710.59
2022-01-19 05:50:16.216216216,S007,South,Food,Budget,90,495.39,44585.1
2022-01-19 23:21:04.864864864,S018,South,Sports,Standard,190,379.58,72120.2
2022-01-20 16:51:53.513513513,S003,South,Clothing,Standard,76,223.94,17019.44
2022-01-21 10:22:42.162162162,S001,West,Electronics,Standard,139,355.16,49367.24
2022-01-22 03:53:30.810810810,S004,West,Food,Standard,101,197.67,19964.67
2022-01-22 21:24:19.459459459,S006,North,Food,Budget,89,118.29,10527.81
2022-01-23 14:55:08.108108108,S009,North,Electronics,Budget,18,300.44,5407.92
2022-01-24 08:25:56.756756756,S014,West,Sports,Budget,19,464.45,8824.55
2022-01-25 01:56:45.405405405,S012,South,Electronics,Premium,55,464.92,25570.6
2022-01-25 19:27:34.054054054,S020,South,Clothing,Standard,102,174.24,17772.48
2022-01-26 12:58:22.702702702,S004,North,Electronics,Standard,118,266.2,31411.6
2022-01-27 06:29:11.351351351,S012,West,Food,Budget,154,109.76,16903.04
2022-01-28 00:00:00.000000000,S010,North,Electronics,Standard,134,497.84,66710.56
2022-01-28 17:30:48.648648648,S007,North,Sports,Standard,4,490.65,1962.6
2022-01-29 11:01:37.297297297,S003,East,Furniture,Budget,108,326.51,35263.08
2022-01-30 04:32:25.945945946,S014,East,Electronics,Premium,115,403.18,46365.7
2022-01-30 22:03:14.594594594,S010,East,Sports,Premium,29,358.97,10410.13
2022-01-31 15:34:03.243243243,S016,South,Sports,Premium,59,298.61,17617.99
2022-02-01 09:04:51.891891892,S016,West,Food,Budget,125,31.41,3926.25
2022-02-02 02:35:40.540540540,S010,West,Sports,Standard,98,230.11,22550.78
2022-02-02 20:06:29.189189189,S013,West,Sports,Budget,17,339.02,5763.34
2022-02-03 13:37:17.837837838,S006,West,Sports,Budget,107,340.38,36420.66
2022-02-04 07:08:06.486486486,S012,East,Sports,Standard,43,189.7,8157.1
2022-02-05 00:38:55.135135135,S009,South,Clothing,Premium,80,471.14,37691.2
2022-02-05 18:09:43.783783784,S013,South,Clothing,Premium,194,87.84,17040.96
2022-02-06 11:40:32.432432432,S004,East,Food,Budget,162,252.68,40934.16
2022-02-07 05:11:21.081081081,S011,South,Electronics,Premium,8,346.99,2775.92
2022-02-07 22:42:09.729729729,S020,East,Sports,Budget,141,350.08,49361.28
2022-02-08 16:12:58.378378378,S018,West,Electronics,Budget,106,326.08,34564.48
2022-02-09 09:43:47.027027027,S011,East,Electronics,Standard,8,141.27,1130.16
2022-02-10 03:14:35.675675675,S004,West,Food,Standard,96,82.32,7902.72
2022-02-10 20:45:24.324324324,S018,West,Sports,Standard,94,319.79,30060.26
2022-02-11 14:16:12.972972973,S001,North,Sports,Budget,65,301.65,19607.25
2022-02-12 07:47:01.621621621,S007,East,Furniture,Standard,171,93.78,16036.38
2022-02-13 01:17:50.270270270,S006,North,Electronics,Premium,39,354.04,13807.56
2022-02-13 18:48:38.918918919,S015,East,Electronics,Premium,81,230.31,18655.11
2022-02-14 12:19:27.567567567,S018,East,Clothing,Budget,187,335.54,62745.98
2022-02-15 05:50:16.216216216,S011,North,Furniture,Budget,84,419.5,35238.0
2022-02-15 23:21:04.864864865,S020,North,Clothing,Standard,88,89.02,7833.76
2022-02-16 16:51:53.513513513,S015,East,Clothing,Budget,86,14.48,1245.28
2022-02-17 10:22:42.162162162,S016,South,Clothing,Budget,93,390.66,36331.38
2022-02-18 03:53:30.810810811,S007,West,Food,Premium,86,306.8,26384.8
2022-02-18 21:24:19.459459459,S010,North,Food,Premium,44,351.32,15458.08
2022-02-19 14:55:08.108108108,S012,West,Clothing,Standard,137,419.89,57524.93
2022-02-20 08:25:56.756756756,S014,South,Furniture,Budget,165,402.39,66394.35
2022-02-21 01:56:45.405405405,S005,South,Electronics,Budget,74,480.66,35568.84
2022-02-21 19:27:34.054054054,S018,South,Furniture,Premium,36,270.29,9730.44
2022-02-22 12:58:22.702702703,S005,North,Sports,Budget,101,246.81,24927.81
2022-02-23 06:29:11.351351351,S003,South,Food,Premium,156,203.93,31813.08
2022-02-24 00:00:00.000000000,S005,North,Electronics,Standard,170,81.08,13783.6
2022-02-24 17:30:48.648648649,S017,South,Electronics,Premium,171,288.44,49323.24
2022-02-25 11:01:37.297297297,S019,West,Sports,Budget,170,142.12,24160.4
2022-02-26 04:32:25.945945946,S019,West,Sports,Standard,104,461.05,47949.2
2022-02-26 22:03:14.594594595,S012,East,Clothing,Premium,66,293.68,19382.88
2022-02-27 15:34:03.243243243,S009,West,Food,Premium,55,298.46,16415.3
2022-02-28 09:04:51.891891892,S001,East,Food,Standard,176,180.69,31801.44
2022-03-01 02:35:40.540540541,S018,West,Furniture,Standard,91,30.73,2796.43
2022-03-01 20:06:29.189189189,S004,North,Clothing,Premium,22,20.71,455.62
2022-03-02 13:37:17.837837838,S010,West,Clothing,Budget,101,214.55,21669.55
2022-03-03 07:08:06.486486486,S007,East,Clothing,Premium,155,46.86,7263.3
2022-03-04 00:38:55.135135135,S001,East,Clothing,Standard,121,305.39,36952.19
2022-03-04 18:09:43.783783784,S017,South,Food,Premium,93,441.08,41020.44
2022-03-05 11:40:32.432432432,S002,North,Food,Standard,195,442.04,86197.8
2022-03-06 05:11:21.081081081,S011,West,Clothing,Standard,108,331.23,35772.84
2022-03-06 22:42:09.729729730,S009,South,Furniture,Budget,141,109.56,15447.96
2022-03-07 16:12:58.378378378,S007,West,Electronics,Standard,173,432.18,74767.14
2022-03-08 09:43:47.027027027,S017,West,Electronics,Standard,10,443.62,4436.2
2022-03-09 03:14:35.675675676,S017,South,Furniture,Budget,9,102.34,921.06
2022-03-09 20:45:24.324324324,S002,South,Clothing,Standard,182,370.03,67345.46
2022-03-10 14:16:12.972972973,S006,South,Food,Budget,155,146.83,22758.65
2022-03-11 07:47:01.621621622,S014,South,Electronics,Budget,34,402.31,13678.54
2022-03-12 01:17:50.270270270,S006,South,Sports,Standard,129,498.63,64323.27
2022-03-12 18:48:38.918918919,S002,West,Sports,Standard,160,19.86,3177.6
2022-03-13 12:19:27.567567568,S001,South,Furniture,Premium,89,449.2,39978.8
2022-03-14 05:50:16.216216216,S010,North,Clothing,Budget,93,313.2,29127.6
2022-03-14 23:21:04.864864865,S005,East,Electronics,Premium,71,486.82,34564.22
2022-03-15 16:51:53.513513513,S002,South,Clothing,Standard,67,235.18,15757.06
2022-03-16 10:22:42.162162162,S016,South,Electronics,Premium,148,424.46,62820.08
2022-03-17 03:53:30.810810811,S002,West,Furniture,Budget,117,35.89,4199.13
2022-03-17 21:24:19.459459459,S010,South,Furniture,Premium,94,170.96,16070.24
2022-03-18 14:55:08.108108108,S002,South,Sports,Budget,163,38.17,6221.71
2022-03-19 08:25:56.756756757,S016,South,Clothing,Standard,99,487.79,48291.21
2022-03-20 01:56:45.405405405,S016,West,Sports,Standard,113,409.4,46262.2
2022-03-20 19:27:34.054054054,S019,South,Clothing,Budget,103,427.01,43982.03
2022-03-21 12:58:22.702702703,S007,East,Sports,Standard,91,469.29,42705.39
2022-03-22 06:29:11.351351351,S012,West,Food,Standard,90,47.13,4241.7
2022-03-23 00:00:00.000000000,S015,East,Food,Standard,17,195.87,3329.79
2022-03-23 17:30:48.648648649,S008,West,Food,Standard,18,40.16,722.88
2022-03-24 11:01:37.297297297,S006,South,Food,Budget,173,109.34,18915.82
2022-03-25 04:32:25.945945946,S010,East,Electronics,Premium,116,118.54,13750.64
2022-03-25 22:03:14.594594595,S003,West,Food,Premium,93,237.21,22060.53
2022-03-26 15:34:03.243243243,S019,North,Furniture,Standard,181,137.94,24967.14
2022-03-27 09:04:51.891891892,S017,South,Furniture,Premium,91,54.98,5003.18
2022-03-28 02:35:40.540540541,S007,West,Electronics,Premium,82,87.91,7208.62
2022-03-28 20:06:29.189189189,S020,North,Food,Standard,68,77.9,5297.2
2022-03-29 13:37:17.837837838,S004,West,Food,Standard,193,486.67,93927.31
2022-03-30 07:08:06.486486486,S014,North,Food,Premium,114,380.85,43416.9
2022-03-31 00:38:55.135135135,S020,South,Sports,Budget,1,484.04,484.04
2022-03-31 18:09:43.783783784,S015,East,Clothing,Standard,58,222.67,12914.86
2022-04-01 11:40:32.432432432,S008,North,Sports,Budget,154,142.79,21989.66
2022-04-02 05:11:21.081081081,S015,West,Clothing,Premium,109,400.16,43617.44
2022-04-02 22:42:09.729729730,S020,South,Food,Standard,148,166.5,24642.0
2022-04-03 16:12:58.378378378,S014,North,Food,Budget,116,153.19,17770.04
2022-04-04 09:43:47.027027027,S009,West,Sports,Standard,87,120.09,10447.83
2022-04-05 03:14:35.675675676,S008,West,Sports,Premium,10,69.19,691.9
2022-04-05 20:45:24.324324324,S017,West,Clothing,Budget,59,131.95,7785.05
2022-04-06 14:16:12.972972973,S002,North,Furniture,Premium,41,180.88,7416.08
2022-04-07 07:47:01.621621622,S003,North,Clothing,Premium,105,338.63,35556.15
2022-04-08 01:17:50.270270270,S008,North,Sports,Standard,133,35.97,4784.01
2022-04-08 18:48:38.918918919,S012,East,Sports,Budget,122,109.2,13322.4
2022-04-09 12:19:27.567567568,S001,North,Electronics,Premium,193,405.47,78255.71
2022-04-10 05:50:16.216216216,S010,North,Sports,Premium,145,77.73,11270.85
2022-04-10 23:21:04.864864865,S020,North,Electronics,Budget,22,174.61,3841.42
2022-04-11 16:51:53.513513513,S003,East,Furniture,Premium,98,433.01,42434.98
2022-04-12 10:22:42.162162162,S006,North,Clothing,Premium,169,81.69,13805.61
2022-04-13 03:53:30.810810811,S007,West,Clothing,Budget,68,45.95,3124.6
2022-04-13 21:24:19.459459459,S020,North,Electronics,Budget,197,244.85,48235.45
2022-04-14 14:55:08.108108108,S018,West,Clothing,Budget,139,154.7,21503.3
2022-04-15 08:25:56.756756756,S011,West,Sports,Budget,56,283.89,15897.84
2022-04-16 01:56:45.405405406,S019,West,Food,Standard,179,402.88,72115.52
2022-04-16 19:27:34.054054054,S005,East,Electronics,Budget,149,72.89,10860.61
2022-04-17 12:58:22.702702702,S019,East,Clothing,Standard,99,292.45,28952.55
2022-04-18 06:29:11.351351352,S011,East,Electronics,Standard,76,255.23,19397.48
2022-04-19 00:00:00.000000000,S012,North,Electronics,Standard,26,76.32,1984.32
2022-04-19 17:30:48.648648648,S010,West,Food,Premium,115,313.88,36096.2
2022-04-20 11:01:37.297297298,S008,East,Sports,Standard,147,140.45,20646.15
2022-04-21 04:32:25.945945946,S009,East,Electronics,Standard,109,246.48,26866.32
2022-04-21 22:03:14.594594594,S004,North,Clothing,Premium,188,45.72,8595.36
2022-04-22 15:34:03.243243244,S005,East,Furniture,Premium,199,232.49,46265.51
2022-04-23 09:04:51.891891892,S008,North,Electronics,Premium,47,156.7,7364.9
2022-04-24 02:35:40.540540540,S009,South,Electronics,Budget,71,412.08,29257.68
2022-04-24 20:06:29.189189190,S015,East,Food,Premium,154,33.2,5112.8
2022-04-25 13:37:17.837837838,S015,South,Sports,Premium,40,212.21,8488.4
2022-04-26 07:08:06.486486486,S016,North,Furniture,Standard,133,231.92,30845.36
2022-04-27 00:38:55.135135136,S014,West,Clothing,Premium,149,363.88,54218.12
2022-04-27 18:09:43.783783784,S008,East,Furniture,Budget,132,289.27,38183.64
2022-04-28 11:40:32.432432432,S018,North,Clothing,Premium,23,335.27,7711.21
2022-04-29 05:11:21.081081082,S010,West,Sports,Budget,106,389.64,41301.84
2022-04-29 22:42:09.729729730,S020,West,Clothing,Premium,84,431.79,36270.36
2022-04-30 16:12:58.378378378,S006,South,Food,Premium,143,160.37,22932.91
2022-05-01 09:43:47.027027026,S012,North,Food,Premium,116,271.32,31473.12
2022-05-02 03:14:35.675675676,S002,West,Food,Premium,109,420.85,45872.65
2022-05-02 20:45:24.324324324,S007,East,Food,Budget,136,494.78,67290.08
2022-05-03 14:16:12.972972972,S016,East,Furniture,Budget,41,445.31,18257.71
2022-05-04 07:47:01.621621622,S003,South,Sports,Standard,112,188.88,21154.56
2022-05-05 01:17:50.270270270,S013,West,Clothing,Budget,147,101.61,14936.67
2022-05-05 18:48:38.918918918,S003,North,Clothing,Premium,112,247.25,27692.0
2022-05-06 12:19:27.567567568,S018,East,Food,Standard,103,372.11,38327.33
2022-05-07 05:50:16.216216216,S011,West,Food,Standard,46,248.82,11445.72
2022-05-07 23:21:04.864864864,S008,West,Electronics,Standard,156,244.17,38090.52
2022-05-08 16:51:53.513513514,S006,South,Sports,Premium,68,419.92,28554.56
2022-05-09 10:22:42.162162162,S001,East,Furniture,Budget,122,183.89,22434.58
2022-05-10 03:53:30.810810810,S001,East,Clothing,Premium,15,430.6,6459.0
2022-05-10 21:24:19.459459460,S008,North,Electronics,Standard,165,206.37,34051.05
2022-05-11 14:55:08.108108108,S005,East,Electronics,Premium,129,167.48,21604.92
2022-05-12 08:25:56.756756756,S016,North,Clothing,Premium,195,229.73,44797.35
2022-05-13 01:56:45.405405406,S011,East,Furniture,Budget,111,382.41,42447.51
2022-05-13 19:27:34.054054054,S005,South,Electronics,Budget,24,67.37,1616.88
2022-05-14 12:58:22.702702702,S004,East,Electronics,Standard,27,102.23,2760.21
2022-05-15 06:29:11.351351352,S006,North,Sports,Premium,40,475.97,19038.8
2022-05-16 00:00:00.000000000,S014,North,Furniture,Premium,191,91.87,17547.17
2022-05-16 17:30:48.648648648,S019,South,Electronics,Budget,189,286.03,54059.67
2022-05-17 11:01:37.297297298,S009,East,Furniture,Premium,164,291.76,47848.64
2022-05-18 04:32:25.945945946,S012,East,Clothing,Premium,24,247.36,5936.64
2022-05-18 22:03:14.594594594,S011,South,Food,Premium,24,324.15,7779.6
2022-05-19 15:34:03.243243244,S014,East,Electronics,Budget,4,118.76,475.04
2022-05-20 09:04:51.891891892,S016,East,Sports,Standard,67,278.57,18664.19
2022-05-21 02:35:40.540540540,S001,North,Clothing,Standard,34,189.23,6433.82
2022-05-21 20:06:29.189189190,S013,East,Furniture,Premium,185,332.53,61518.05
2022-05-22 13:37:17.837837838,S013,East,Clothing,Standard,177,74.91,13259.07
2022-05-23 07:08:06.486486486,S002,South,Electronics,Budget,181,287.58,52051.98
2022-05-24 00:38:55.135135136,S004,South,Furniture,Budget,116,96.71,11218.36
2022-05-24 18:09:43.783783784,S006,West,Food,Standard,23,142.93,3287.39
2022-05-25 11:40:32.432432432,S005,North,Clothing,Standard,109,113.26,12345.34
2022-05-26 05:11:21.081081082,S003,East,Electronics,Premium,69,95.5,6589.5
2022-05-26 22:42:09.729729730,S001,East,Sports,Standard,95,413.73,39304.35
2022-05-27 16:12:58.378378378,S004,West,Furniture,Premium,181,146.43,26503.83
2022-05-28 09:43:47.027027026,S020,East,Clothing,Premium,62,463.93,28763.66
2022-05-29 03:14:35.675675676,S002,North,Clothing,Budget,169,485.11,81983.59
2022-05-29 20:45:24.324324324,S005,West,Food,Budget,57,287.77,16402.89
2022-05-30 14:16:12.972972972,S003,North,Food,Budget,188,75.79,14248.52
2022-05-31 07:47:01.621621622,S009,West,Sports,Budget,54,190.4,10281.6
2022-06-01 01:17:50.270270270,S020,West,Sports,Standard,70,399.88,27991.6
2022-06-01 18:48:38.918918918,S006,South,Electronics,Budget,101,186.86,18872.86
2022-06-02 12:19:27.567567568,S018,North,Electronics,Standard,57,48.07,2739.99
2022-06-03 05:50:16.216216216,S006,East,Sports,Budget,138,280.61,38724.18
2022-06-03 23:21:04.864864864,S019,East,Sports,Standard,168,423.33,71119.44
2022-06-04 16:51:53.513513514,S012,North,Furniture,Premium,135,398.98,53862.3
2022-06-05 10:22:42.162162162,S011,East,Food,Standard,103,91.69,9444.07
2022-06-06 03:53:30.810810810,S002,East,Electronics,Standard,166,338.02,56111.32
2022-06-06 21:24:19.459459460,S015,North,Food,Budget,85,114.15,9702.75
2022-06-07 14:55:08.108108108,S012,West,Food,Standard,61,113.01,6893.61
2022-06-08 08:25:56.756756756,S012,North,Sports,Premium,3,437.67,1313.01
2022-06-09 01:56:45.405405406,S009,West,Furniture,Premium,128,128.59,16459.52
2022-06-09 19:27:34.054054054,S002,East,Clothing,Budget,179,135.31,24220.49
2022-06-10 12:58:22.702702702,S003,East,Furniture,Premium,86,5.32,457.52
2022-06-11 06:29:11.351351352,S012,East,Furniture,Standard,47,435.98,20491.06
2022-06-12 00:00:00.000000000,S016,South,Food,Premium,196,397.33,77876.68
2022-06-12 17:30:48.648648648,S001,West,Furniture,Budget,76,315.53,23980.28
2022-06-13 11:01:37.297297298,S003,South,Electronics,Standard,38,376.38,14302.44
2022-06-14 04:32:25.945945946,S020,South,Food,Budget,164,80.26,13162.64
2022-06-14 22:03:14.594594594,S002,North,Electronics,Standard,169,231.87,39186.03
2022-06-15 15:34:03.243243244,S009,South,Clothing,Premium,197,178.85,35233.45
2022-06-16 09:04:51.891891892,S019,North,Food,Budget,141,51.42,7250.22
2022-06-17 02:35:40.540540540,S015,North,Clothing,Budget,87,245.63,21369.81
2022-06-17 20:06:29.189189190,S018,South,Food,Standard,58,460.77,26724.66
2022-06-18 13:37:17.837837838,S011,West,Sports,Budget,50,24.83,1241.5
2022-06-19 07:08:06.486486486,S016,West,Furniture,Standard,30,149.27,4478.1
2022-06-20 00:38:55.135135136,S017,West,Sports,Standard,190,107.73,20468.7
2022-06-20 18:09:43.783783784,S005,West,Clothing,Standard,101,122.88,12410.88
2022-06-21 11:40:32.432432432,S012,West,Furniture,Standard,25,454.68,11367.0
2022-06-22 05:11:21.081081082,S011,South,Food,Premium,112,236.69,26509.28
2022-06-22 22:42:09.729729730,S015,South,Furniture,Standard,155,235.82,36552.1
2022-06-23 16:12:58.378378378,S003,East,Electronics,Budget,179,381.48,68284.92
2022-06-24 09:43:47.027027026,S001,West,Furniture,Premium,185,81.47,15071.95
2022-06-25 03:14:35.675675676,S020,South,Electronics,Budget,126,246.2,31021.2
2022-06-25 20:45:24.324324324,S016,East,Furniture,Premium,123,217.84,26794.32
2022-06-26 14:16:12.972972972,S002,West,Electronics,Standard,47,300.47,14122.09
2022-06-27 07:47:01.621621622,S002,North,Clothing,Premium,118,499.78,58974.04
2022-06-28 01:17:50.270270270,S003,East,Sports,Premium,39,385.88,15049.32
2022-06-28 18:48:38.918918918,S008,South,Food,Budget,16,201.94,3231.04
2022-06-29 12:19:27.567567568,S015,North,Furniture,Budget,22,414.64,9122.08
2022-06-30 05:50:16.216216216,S007,North,Sports,Standard,54,89.5,4833.0
2022-06-30 23:21:04.864864864,S006,North,Food,Premium,149,20.08,2991.92
2022-07-01 16:51:53.513513514,S009,East,Food,Premium,16,106.2,1699.2
2022-07-02 10:22:42.162162162,S020,South,Electronics,Premium,59,173.5,10236.5
2022-07-03 03:53:30.810810810,S001,North,Clothing,Standard,31,257.74,7989.94
2022-07-03 21:24:19.459459460,S008,West,Clothing,Standard,170,309.49,52613.3
2022-07-04 14:55:08.108108108,S003,North,Sports,Standard,32,455.75,14584.0
2022-07-05 08:25:56.756756756,S004,North,Clothing,Standard,187,257.38,48130.06
2022-07-06 01:56:45.405405406,S015,East,Furniture,Standard,162,253.13,41007.06
2022-07-06 19:27:34.054054054,S006,East,Clothing,Budget,9,29.87,268.83
2022-07-07 12:58:22.702702702,S015,South,Sports,Premium,139,22.28,3096.92
2022-07-08 06:29:11.351351352,S003,West,Clothing,Premium,10,277.82,2778.2
2022-07-09 00:00:00.000000000,S014,East,Furniture,Premium,17,221.9,3772.3
2022-07-09 17:30:48.648648648,S020,North,Electronics,Premium,68,420.39,28586.52
2022-07-10 11:01:37.297297298,S014,South,Sports,Premium,48,84.54,4057.92
2022-07-11 04:32:25.945945946,S004,North,Electronics,Premium,180,17.36,3124.8
2022-07-11 22:03:14.594594594,S012,North,Electronics,Premium,111,227.27,25226.97
2022-07-12 15:34:03.243243244,S017,East,Electronics,Premium,153,122.55,18750.15
2022-07-13 09:04:51.891891892,S007,South,Food,Budget,123,29.56,3635.88
2022-07-14 02:35:40.540540540,S009,West,Food,Premium,149,363.68,54188.32
2022-07-14 20:06:29.189189190,S003,West,Electronics,Budget,101,60.24,6084.24
2022-07-15 13:37:17.837837838,S013,East,Sports,Standard,102,306.12,31224.24
2022-07-16 07:08:06.486486486,S015,East,Furniture,Premium,65,144.12,9367.8
2022-07-17 00:38:55.135135136,S018,South,Furniture,Standard,191,90.88,17358.08
2022-07-17 18:09:43.783783784,S019,West,Clothing,Standard,51,192.98,9841.98
2022-07-18 11:40:32.432432432,S001,West,Sports,Standard,36,401.72,14461.92
2022-07-19 05:11:21.081081082,S006,West,Food,Budget,81,199.09,16126.29
2022-07-19 22:42:09.729729730,S002,North,Electronics,Standard,127,376.63,47832.01
2022-07-20 16:12:58.378378378,S014,West,Clothing,Standard,88,67.12,5906.56
2022-07-21 09:43:47.027027026,S006,North,Furniture,Standard,194,387.52,75178.88
2022-07-22 03:14:35.675675676,S014,South,Food,Premium,104,122.28,12717.12
2022-07-22 20:45:24.324324324,S004,North,Food,Premium,15,340.31,5104.65
2022-07-23 14:16:12.972972972,S008,South,Electronics,Budget,96,285.06,27365.76
2022-07-24 07:47:01.621621622,S003,West,Furniture,Budget,167,464.93,77643.31
2022-07-25 01:17:50.270270270,S019,West,Sports,Premium,123,196.72,24196.56
2022-07-25 18:48:38.918918918,S014,South,Food,Budget,198,37.75,7474.5
2022-07-26 12:19:27.567567568,S020,East,Electronics,Premium,1,14.48,14.48
2022-07-27 05:50:16.216216216,S017,South,Sports,Standard,151,414.29,62557.79
2022-07-27 23:21:04.864864864,S008,East,Furniture,Standard,122,264.74,32298.28
2022-07-28 16:51:53.513513512,S014,North,Food,Budget,167,388.75,64921.25
2022-07-29 10:22:42.162162164,S006,North,Sports,Premium,126,121.04,15251.04
2022-07-30 03:53:30.810810812,S016,North,Sports,Premium,57,175.82,10021.74
2022-07-30 21:24:19.459459460,S019,West,Sports,Budget,81,19.9,1611.9
2022-07-31 14:55:08.108108108,S014,North,Food,Premium,162,480.94,77912.28
2022-08-01 08:25:56.756756756,S019,East,Food,Standard,169,335.59,56714.71
2022-08-02 01:56:45.405405404,S003,North,Clothing,Budget,73,466.94,34086.62
2022-08-02 19:27:34.054054052,S010,South,Furniture,Budget,141,136.42,19235.22
2022-08-03 12:58:22.702702704,S019,South,Electronics,Premium,70,307.67,21536.9
2022-08-04 06:29:11.351351352,S009,West,Sports,Budget,6,340.86,2045.16
2022-08-05 00:00:00.000000000,S020,South,Clothing,Premium,84,162.19,13623.96
2022-08-05 17:30:48.648648648,S013,East,Electronics,Premium,52,424.81,22090.12
2022-08-06 11:01:37.297297296,S007,North,Clothing,Premium,3,473.84,1421.52
2022-08-07 04:32:25.945945944,S014,West,Food,Premium,81,443.0,35883.0
2022-08-07 22:03:14.594594596,S009,North,Sports,Premium,63,370.84,23362.92
2022-08-08 15:34:03.243243244,S019,North,Electronics,Budget,49,142.35,6975.15
2022-08-09 09:04:51.891891892,S015,East,Electronics,Standard,76,144.4,10974.4
2022-08-10 02:35:40.540540540,S020,South,Electronics,Standard,112,481.86,53968.32
2022-08-10 20:06:29.189189188,S014,South,Electronics,Budget,175,10.09,1765.75
2022-08-11 13:37:17.837837836,S006,North,Electronics,Budget,109,359.44,39178.96
2022-08-12 07:08:06.486486488,S004,West,Clothing,Standard,183,354.59,64889.97
2022-08-13 00:38:55.135135136,S008,South,Sports,Standard,192,313.23,60140.16
2022-08-13 18:09:43.783783784,S017,West,Food,Standard,65,495.1,32181.5
2022-08-14 11:40:32.432432432,S009,South,Food,Standard,81,159.38,12909.78
2022-08-15 05:11:21.081081080,S001,West,Food,Standard,195,173.29,33791.55
2022-08-15 22:42:09.729729728,S020,East,Food,Premium,15,44.08,661.2
2022-08-16 16:12:58.378378380,S014,West,Clothing,Budget,100,224.19,22419.0
2022-08-17 09:43:47.027027028,S011,East,Furniture,Premium,32,134.22,4295.04
2022-08-18 03:14:35.675675676,S003,East,Sports,Standard,96,174.98,16798.08
2022-08-18 20:45:24.324324324,S009,West,Electronics,Standard,128,418.11,53518.08
2022-08-19 14:16:12.972972972,S014,East,Furniture,Standard,196,468.06,91739.76
2022-08-20 07:47:01.621621620,S009,North,Food,Premium,146,96.94,14153.24
2022-08-21 01:17:50.270270272,S004,East,Furniture,Premium,113,189.39,21401.07
2022-08-21 18:48:38.918918920,S004,South,Sports,Standard,83,464.67,38567.61
2022-08-22 12:19:27.567567568,S008,West,Electronics,Premium,43,35.6,1530.8
2022-08-23 05:50:16.216216216,S002,North,Electronics,Premium,116,50.72,5883.52
2022-08-23 23:21:04.864864864,S009,West,Sports,Standard,163,85.58,13949.54
2022-08-24 16:51:53.513513512,S014,South,Sports,Premium,78,299.63,23371.14
2022-08-25 10:22:42.162162164,S009,South,Food,Budget,58,79.48,4609.84
2022-08-26 03:53:30.810810812,S016,South,Electronics,Budget,33,484.2,15978.6
2022-08-26 21:24:19.459459460,S017,East,Furniture,Budget,14,226.12,3165.68
2022-08-27 14:55:08.108108108,S016,East,Clothing,Budget,162,253.25,41026.5
2022-08-28 08:25:56.756756756,S012,West,Clothing,Standard,189,127.1,24021.9
2022-08-29 01:56:45.405405404,S003,West,Sports,Standard,132,238.13,31433.16
2022-08-29 19:27:34.054054052,S011,North,Food,Standard,59,332.65,19626.35
2022-08-30 12:58:22.702702704,S014,North,Clothing,Budget,157,376.83,59162.31
2022-08-31 06:29:11.351351352,S018,West,Electronics,Budget,83,378.16,31387.28
2022-09-01 00:00:00.000000000,S005,East,Sports,Premium,134,291.06,39002.04
2022-09-01 17:30:48.648648648,S016,South,Furniture,Premium,121,452.66,54771.86
2022-09-02 11:01:37.297297296,S020,West,Sports,Budget,177,409.62,72502.74
2022-09-03 04:32:25.945945944,S005,North,Furniture,Budget,168,379.74,63796.32
2022-09-03 22:03:14.594594596,S003,East,Sports,Budget,83,32.52,2699.16
2022-09-04 15:34:03.243243244,S012,West,Sports,Budget,193,8.4,1621.2
2022-09-05 09:04:51.891891892,S001,West,Sports,Premium,197,110.16,21701.52
2022-09-06 02:35:40.540540540,S009,East,Furniture,Budget,27,333.44,9002.88
2022-09-06 20:06:29.189189188,S009,West,Furniture,Premium,80,208.54,16683.2
2022-09-07 13:37:17.837837836,S004,East,Sports,Budget,134,204.19,27361.46
2022-09-08 07:08:06.486486488,S003,South,Clothing,Budget,13,442.87,5757.31
2022-09-09 00:38:55.135135136,S017,East,Food,Budget,64,448.3,28691.2
2022-09-09 18:09:43.783783784,S002,East,Food,Premium,190,455.04,86457.6
2022-09-10 11:40:32.432432432,S001,East,Food,Premium,147,160.37,23574.39
2022-09-11 05:11:21.081081080,S008,West,Furniture,Standard,80,347.07,27765.6
2022-09-11 22:42:09.729729728,S013,West,Furniture,Budget,123,139.46,17153.58
2022-09-12 16:12:58.378378380,S015,East,Clothing,Standard,43,99.35,4272.05
2022-09-13 09:43:47.027027028,S008,West,Food,Standard,89,96.39,8578.71
2022-09-14 03:14:35.675675676,S012,North,Food,Premium,148,174.34,25802.32
2022-09-14 20:45:24.324324324,S012,North,Sports,Premium,95,217.83,20693.85
2022-09-15 14:16:12.972972972,S014,West,Furniture,Standard,196,416.32,81598.72
2022-09-16 07:47:01.621621620,S015,West,Food,Budget,172,64.35,11068.2
2022-09-17 01:17:50.270270272,S015,East,Clothing,Premium,151,368.79,55687.29
2022-09-17 18:48:38.918918920,S009,South,Clothing,Budget,2,268.07,536.14
2022-09-18 12:19:27.567567568,S019,West,Food,Budget,120,147.53,17703.6
2022-09-19 05:50:16.216216216,S020,North,Furniture,Standard,22,248.95,5476.9
2022-09-19 23:21:04.864864864,S008,East,Clothing,Standard,115,153.47,17649.05
2022-09-20 16:51:53.513513512,S019,West,Sports,Standard,57,300.06,17103.42
2022-09-21 10:22:42.162162164,S006,North,Clothing,Standard,72,219.75,15822.0
2022-09-22 03:53:30.810810812,S020,North,Electronics,Premium,7,86.38,604.66
2022-09-22 21:24:19.459459460,S019,South,Electronics,Premium,184,62.71,11538.64
2022-09-23 14:55:08.108108108,S004,East,Furniture,Standard,119,275.61,32797.59
2022-09-24 08:25:56.756756756,S007,East,Food,Premium,195,451.69,88079.55
2022-09-25 01:56:45.405405404,S004,South,Furniture,Standard,114,175.26,19979.64
2022-09-25 19:27:34.054054052,S012,South,Furniture,Budget,16,367.84,5885.44
2022-09-26 12:58:22.702702704,S013,East,Furniture,Budget,83,331.04,27476.32
2022-09-27 06:29:11.351351352,S003,East,Furniture,Budget,179,466.12,83435.48
2022-09-28 00:00:00.000000000,S012,West,Sports,Standard,72,411.39,29620.08
2022-09-28 17:30:48.648648648,S002,West,Sports,Budget,124,285.47,35398.28
2022-09-29 11:01:37.297297296,S002,South,Clothing,Premium,113,330.23,37315.99
2022-09-30 04:32:25.945945944,S009,West,Electronics,Budget,12,449.7,5396.4
2022-09-30 22:03:14.594594596,S001,North,Furniture,Budget,126,202.76,25547.76
2022-10-01 15:34:03.243243244,S008,West,Clothing,Budget,53,166.76,8838.28
2022-10-02 09:04:51.891891892,S006,West,Electronics,Premium,75,10.35,776.25
2022-10-03 02:35:40.540540540,S006,North,Food,Standard,133,414.14,55080.62
2022-10-03 20:06:29.189189188,S018,South,Sports,Premium,27,401.49,10840.23
2022-10-04 13:37:17.837837836,S017,North,Electronics,Standard,140,56.7,7938.0
2022-10-05 07:08:06.486486488,S012,West,Food,Standard,145,290.54,42128.3
2022-10-06 00:38:55.135135136,S006,South,Electronics,Budget,134,234.67,31445.78
2022-10-06 18:09:43.783783784,S008,West,Sports,Standard,97,63.76,6184.72
2022-10-07 11:40:32.432432432,S019,North,Sports,Premium,5,490.38,2451.9
2022-10-08 05:11:21.081081080,S010,North,Clothing,Premium,57,111.27,6342.39
2022-10-08 22:42:09.729729728,S001,West,Furniture,Standard,156,38.28,5971.68
2022-10-09 16:12:58.378378380,S013,East,Electronics,Budget,78,299.45,23357.1
2022-10-10 09:43:47.027027028,S017,East,Electronics,Budget,69,370.74,25581.06
2022-10-11 03:14:35.675675676,S003,North,Food,Premium,118,21.06,2485.08
2022-10-11 20:45:24.324324324,S008,North,Sports,Budget,120,331.07,39728.4
2022-10-12 14:16:12.972972972,S014,East,Electronics,Standard,59,268.48,15840.32
2022-10-13 07:47:01.621621620,S003,East,Sports,Standard,33,56.12,1851.96
2022-10-14 01:17:50.270270272,S016,West,Electronics,Premium,62,90.4,5604.8
2022-10-14 18:48:38.918918920,S013,West,Clothing,Standard,50,286.15,14307.5
2022-10-15 12:19:27.567567568,S020,East,Furniture,Premium,112,151.7,16990.4
2022-10-16 05:50:16.216216216,S017,West,Electronics,Standard,19,469.47,8919.93
2022-10-16 23:21:04.864864864,S013,West,Sports,Premium,197,410.28,80825.16
2022-10-17 16:51:53.513513512,S006,South,Clothing,Budget,123,491.87,60500.01
2022-10-18 10:22:42.162162164,S017,West,Electronics,Standard,194,133.54,25906.76
2022-10-19 03:53:30.810810812,S014,North,Food,Standard,47,485.01,22795.47
2022-10-19 21:24:19.459459460,S017,West,Furniture,Premium,167,218.46,36482.82
2022-10-20 14:55:08.108108108,S008,West,Electronics,Premium,196,177.02,34695.92
2022-10-21 08:25:56.756756756,S011,East,Clothing,Standard,33,29.92,987.36
2022-10-22 01:56:45.405405404,S020,North,Food,Premium,141,31.12,4387.92
2022-10-22 19:27:34.054054052,S001,West,Clothing,Standard,84,347.55,29194.2
2022-10-23 12:58:22.702702704,S007,West,Clothing,Budget,182,231.67,42163.94
2022-10-24 06:29:11.351351352,S017,South,Food,Premium,135,117.13,15812.55
2022-10-25 00:00:00.000000000,S010,West,Clothing,Standard,79,308.92,24404.68
2022-10-25 17:30:48.648648648,S011,West,Food,Budget,14,130.16,1822.24
2022-10-26 11:01:37.297297296,S009,South,Electronics,Budget,147,290.93,42766.71
2022-10-27 04:32:25.945945944,S009,East,Food,Standard,128,182.81,23399.68
2022-10-27 22:03:14.594594596,S005,West,Food,Premium,54,412.66,22283.64
2022-10-28 15:34:03.243243244,S017,South,Furniture,Standard,148,411.24,60863.52
2022-10-29 09:04:51.891891892,S009,North,Food,Budget,29,241.29,6997.41
2022-10-30 02:35:40.540540540,S017,East,Food,Standard,24,178.66,4287.84
2022-10-30 20:06:29.189189188,S019,North,Electronics,Premium,82,184.47,15126.54
2022-10-31 13:37:17.837837836,S007,North,Furniture,Budget,63,403.83,25441.29
2022-11-01 07:08:06.486486488,S009,South,Sports,Standard,105,167.45,17582.25
2022-11-02 00:38:55.135135136,S007,West,Electronics,Premium,57,108.48,6183.36
2022-11-02 18:09:43.783783784,S013,South,Electronics,Budget,136,46.92,6381.12
2022-11-03 11:40:32.432432432,S011,South,Sports,Premium,62,236.01,14632.62
2022-11-04 05:11:21.081081080,S014,South,Food,Budget,157,243.66,38254.62
2022-11-04 22:42:09.729729728,S019,South,Clothing,Standard,17,421.25,7161.25
2022-11-05 16:12:58.378378380,S011,East,Furniture,Premium,66,114.51,7557.66
2022-11-06 09:43:47.027027028,S013,West,Clothing,Budget,6,193.59,1161.54
2022-11-07 03:14:35.675675676,S014,North,Sports,Premium,58,405.16,23499.28
2022-11-07 20:45:24.324324324,S013,North,Electronics,Premium,69,412.69,28475.61
2022-11-08 14:16:12.972972972,S001,West,Electronics,Standard,156,195.38,30479.28
2022-11-09 07:47:01.621621620,S008,North,Furniture,Premium,62,232.27,14400.74
2022-11-10 01:17:50.270270272,S012,West,Electronics,Budget,169,155.13,26216.97
2022-11-10 18:48:38.918918920,S019,North,Electronics,Budget,197,466.61,91922.17
2022-11-11 12:19:27.567567568,S012,South,Furniture,Budget,82,63.73,5225.86
2022-11-12 05:50:16.216216216,S008,North,Furniture,Budget,169,467.21,78958.49
2022-11-12 23:21:04.864864864,S008,West,Sports,Standard,177,343.51,60801.27
2022-11-13 16:51:53.513513512,S013,West,Electronics,Premium,177,268.13,47459.01
2022-11-14 10:22:42.162162164,S012,West,Electronics,Standard,71,21.17,1503.07
2022-11-15 03:53:30.810810812,S016,West,Sports,Premium,131,240.42,31495.02
2022-11-15 21:24:19.459459460,S001,West,Food,Premium,10,206.84,2068.4
2022-11-16 14:55:08.108108108,S013,East,Food,Premium,98,84.8,8310.4
2022-11-17 08:25:56.756756756,S007,East,Food,Standard,89,329.92,29362.88
2022-11-18 01:56:45.405405404,S005,North,Sports,Premium,35,485.72,17000.2
2022-11-18 19:27:34.054054052,S008,West,Electronics,Standard,2,283.28,566.56
2022-11-19 12:58:22.702702704,S014,North,Sports,Budget,124,358.8,44491.2
2022-11-20 06:29:11.351351352,S013,West,Sports,Budget,24,38.88,933.12
2022-11-21 00:00:00.000000000,S015,West,Food,Premium,74,211.75,15669.5
2022-11-21 17:30:48.648648648,S017,East,Clothing,Standard,166,62.6,10391.6
2022-11-22 11:01:37.297297296,S015,East,Electronics,Budget,22,308.33,6783.26
2022-11-23 04:32:25.945945944,S020,South,Food,Standard,154,469.55,72310.7
2022-11-23 22:03:14.594594596,S018,East,Clothing,Standard,171,332.58,56871.18
2022-11-24 15:34:03.243243244,S018,South,Clothing,Premium,183,43.02,7872.66
2022-11-25 09:04:51.891891892,S002,South,Furniture,Budget,39,180.56,7041.84
2022-11-26 02:35:40.540540540,S004,South,Electronics,Premium,157,277.58,43580.06
2022-11-26 20:06:29.189189188,S001,South,Clothing,Premium,20,204.59,4091.8
2022-11-27 13:37:17.837837836,S004,South,Food,Budget,41,417.65,17123.65
2022-11-28 07:08:06.486486488,S018,North,Furniture,Budget,182,408.26,74303.32
2022-11-29 00:38:55.135135136,S005,East,Electronics,Standard,148,307.86,45563.28
2022-11-29 18:09:43.783783784,S019,South,Sports,Budget,108,189.86,20504.88
2022-11-30 11:40:32.432432432,S015,West,Food,Standard,147,131.39,19314.33
2022-12-01 05:11:21.081081080,S008,East,Clothing,Standard,84,57.41,4822.44
2022-12-01 22:42:09.729729728,S020,East,Clothing,Standard,111,180.67,20054.37
2022-12-02 16:12:58.378378380,S017,South,Food,Budget,66,209.52,13828.32
2022-12-03 09:43:47.027027028,S001,North,Clothing,Premium,158,339.53,53645.74
2022-12-04 03:14:35.675675676,S012,South,Furniture,Standard,53,330.79,17531.87
2022-12-04 20:45:24.324324324,S019,North,Electronics,Premium,34,39.7,1349.8
2022-12-05 14:16:12.972972972,S015,West,Furniture,Premium,150,200.65,30097.5
2022-12-06 07:47:01.621621620,S009,East,Clothing,Budget,67,94.98,6363.66
2022-12-07 01:17:50.270270272,S007,West,Sports,Premium,134,82.62,11071.08
2022-12-07 18:48:38.918918920,S002,North,Electronics,Premium,27,414.51,11191.77
2022-12-08 12:19:27.567567568,S009,North,Electronics,Budget,10,25.75,257.5
2022-12-09 05:50:16.216216216,S010,West,Food,Standard,73,212.5,15512.5
2022-12-09 23:21:04.864864864,S002,North,Food,Premium,96,88.26,8472.96
2022-12-10 16:51:53.513513512,S019,West,Sports,Budget,48,440.27,21132.96
2022-12-11 10:22:42.162162164,S011,East,Electronics,Premium,70,280.74,19651.8
2022-12-12 03:53:30.810810812,S013,West,Sports,Premium,187,119.53,22352.11
2022-12-12 21:24:19.459459460,S010,East,Food,Standard,100,253.7,25370.0
2022-12-13 14:55:08.108108108,S014,West,Food,Premium,59,367.09,21658.31
2022-12-14 08:25:56.756756756,S018,North,Electronics,Budget,2,479.27,958.54
2022-12-15 01:56:45.405405404,S019,West,Furniture,Premium,157,114.12,17916.84
2022-12-15 19:27:34.054054052,S009,North,Clothing,Standard,196,443.66,86957.36
2022-12-16 12:58:22.702702704,S007,West,Food,Standard,65,467.48,30386.2
2022-12-17 06:29:11.351351352,S003,West,Food,Budget,83,458.63,38066.29
2022-12-18 00:00:00.000000000,S020,South,Furniture,Standard,154,319.53,49207.62
2022-12-18 17:30:48.648648648,S006,North,Furniture,Premium,10,316.76,3167.6
2022-12-19 11:01:37.297297296,S002,South,Sports,Standard,53,204.59,10843.27
2022-12-20 04:32:25.945945944,S006,North,Sports,Budget,79,377.44,29817.76
2022-12-20 22:03:14.594594596,S003,South,Clothing,Standard,59,267.99,15811.41
2022-12-21 15:34:03.243243244,S016,East,Clothing,Standard,150,340.33,51049.5
2022-12-22 09:04:51.891891892,S008,West,Electronics,Standard,179,217.09,38859.11
2022-12-23 02:35:40.540540540,S002,North,Sports,Budget,48,367.09,17620.32
2022-12-23 20:06:29.189189188,S017,North,Food,Standard,149,413.11,61553.39
2022-12-24 13:37:17.837837836,S009,West,Sports,Standard,123,77.49,9531.27
2022-12-25 07:08:06.486486488,S012,North,Food,Premium,22,417.3,9180.6
2022-12-26 00:38:55.135135136,S003,North,Furniture,Budget,100,272.45,27245.0
2022-12-26 18:09:43.783783784,S011,South,Sports,Standard,98,423.11,41464.78
2022-12-27 11:40:32.432432432,S001,North,Furniture,Budget,158,218.49,34521.42
2022-12-28 05:11:21.081081080,S013,East,Clothing,Standard,25,192.63,4815.75
2022-12-28 22:42:09.729729728,S015,East,Clothing,Standard,28,457.96,12822.88
2022-12-29 16:12:58.378378380,S005,West,Electronics,Standard,193,129.33,24960.69
2022-12-30 09:43:47.027027028,S017,North,Sports,Premium,113,422.89,47786.57
2022-12-31 03:14:35.675675676,S006,West,Furniture,Premium,45,244.59,11006.55
2022-12-31 20:45:24.324324324,S011,East,Food,Premium,68,259.48,17644.64
2023-01-01 14:16:12.972972972,S018,North,Clothing,Budget,7,157.69,1103.83
2023-01-02 07:47:01.621621620,S004,North,Clothing,Budget,49,288.66,14144.34
2023-01-03 01:17:50.270270272,S003,West,Food,Premium,137,165.98,22739.26
2023-01-03 18:48:38.918918920,S013,East,Furniture,Budget,164,24.44,4008.16
2023-01-04 12:19:27.567567568,S009,North,Furniture,Standard,83,139.64,11590.12
2023-01-05 05:50:16.216216216,S006,West,Sports,Standard,129,8.16,1052.64
2023-01-05 23:21:04.864864864,S012,East,Sports,Standard,138,489.29,67522.02
2023-01-06 16:51:53.513513512,S002,West,Electronics,Premium,164,483.04,79218.56
2023-01-07 10:22:42.162162164,S003,South,Clothing,Budget,73,200.6,14643.8
2023-01-08 03:53:30.810810812,S003,North,Sports,Premium,46,365.54,16814.84
2023-01-08 21:24:19.459459460,S012,South,Furniture,Budget,106,176.17,18674.02
2023-01-09 14:55:08.108108108,S015,East,Food,Standard,160,337.19,53950.4
2023-01-10 08:25:56.756756756,S009,South,Furniture,Premium,32,403.69,12918.08
2023-01-11 01:56:45.405405404,S008,South,Clothing,Budget,6,473.64,2841.84
2023-01-11 19:27:34.054054052,S011,East,Furniture,Budget,176,203.11,35747.36
2023-01-12 12:58:22.702702704,S016,West,Electronics,Standard,166,392.73,65193.18
2023-01-13 06:29:11.351351352,S004,South,Clothing,Premium,145,136.63,19811.35
2023-01-14 00:00:00.000000000,S001,West,Food,Premium,74,495.21,36645.54
2023-01-14 17:30:48.648648648,S007,South,Electronics,Premium,114,17.76,2024.64
2023-01-15 11:01:37.297297296,S002,West,Clothing,Standard,27,303.75,8201.25
2023-01-16 04:32:25.945945944,S005,East,Food,Premium,54,331.46,17898.84
2023-01-16 22:03:14.594594596,S007,South,Electronics,Standard,178,345.58,61513.24
2023-01-17 15:34:03.243243244,S004,East,Electronics,Standard,163,64.59,10528.17
2023-01-18 09:04:51.891891892,S005,South,Clothing,Standard,85,469.57,39913.45
2023-01-19 02:35:40.540540540,S001,East,Sports,Budget,127,94.69,12025.63
2023-01-19 20:06:29.189189188,S001,East,Electronics,Premium,153,313.26,47928.78
2023-01-20 13:37:17.837837836,S015,South,Electronics,Premium,156,115.22,17974.32
2023-01-21 07:08:06.486486488,S020,South,Food,Standard,111,157.07,17434.77
2023-01-22 00:38:55.135135136,S019,South,Furniture,Standard,15,275.5,4132.5
2023-01-22 18:09:43.783783784,S010,North,Clothing,Premium,132,211.51,27919.32
2023-01-23 11:40:32.432432432,S018,West,Clothing,Standard,93,84.31,7840.83
2023-01-24 05:11:21.081081080,S003,North,Sports,Premium,123,89.61,11022.03
2023-01-24 22:42:09.729729728,S011,North,Sports,Budget,73,211.98,15474.54
2023-01-25 16:12:58.378378380,S015,East,Clothing,Standard,155,379.86,58878.3
2023-01-26 09:43:47.027027028,S011,South,Sports,Premium,154,449.49,69221.46
2023-01-27 03:14:35.675675676,S017,West,Food,Standard,147,46.64,6856.08
2023-01-27 20:45:24.324324324,S017,East,Clothing,Premium,92,199.59,18362.28
2023-01-28 14:16:12.972972972,S006,North,Sports,Premium,17,54.62,928.54
2023-01-29 07:47:01.621621620,S005,South,Clothing,Standard,43,13.21,568.03
2023-01-30 01:17:50.270270272,S008,East,Furniture,Budget,121,332.55,40238.55
2023-01-30 18:48:38.918918920,S002,South,Electronics,Premium,41,303.21,12431.61
2023-01-31 12:19:27.567567568,S016,East,Clothing,Premium,170,85.69,14567.3
2023-02-01 05:50:16.216216216,S020,South,Electronics,Premium,178,120.74,21491.72
2023-02-01 23:21:04.864864864,S012,North,Sports,Budget,168,16.74,2812.32
2023-02-02 16:51:53.513513512,S006,West,Electronics,Budget,39,418.3,16313.7
2023-02-03 10:22:42.162162164,S001,North,Clothing,Standard,113,487.47,55084.11
2023-02-04 03:53:30.810810812,S004,West,Furniture,Budget,151,72.05,10879.55
2023-02-04 21:24:19.459459460,S017,South,Sports,Standard,111,119.58,13273.38
2023-02-05 14:55:08.108108108,S013,East,Clothing,Standard,180,434.86,78274.8
2023-02-06 08:25:56.756756756,S018,North,Sports,Budget,47,463.6,21789.2
2023-02-07 01:56:45.405405404,S005,West,Food,Standard,63,212.72,13401.36
2023-02-07 19:27:34.054054052,S003,North,Electronics,Budget,110,30.06,3306.6
2023-02-08 12:58:22.702702704,S011,West,Food,Standard,69,24.5,1690.5
2023-02-09 06:29:11.351351352,S013,North,Clothing,Budget,43,289.11,12431.73
2023-02-10 00:00:00.000000000,S004,West,Furniture,Budget,176,199.48,35108.48
2023-02-10 17:30:48.648648648,S014,West,Sports,Standard,34,19.18,652.12
2023-02-11 11:01:37.297297296,S011,South,Electronics,Premium,40,293.71,11748.4
2023-02-12 04:32:25.945945944,S010,West,Sports,Standard,61,10.59,645.99
2023-02-12 22:03:14.594594596,S019,South,Clothing,Budget,178,394.75,70265.5
2023-02-13 15:34:03.243243244,S018,West,Sports,Premium,195,156.68,30552.6
2023-02-14 09:04:51.891891892,S006,East,Electronics,Standard,62,24.93,1545.66
2023-02-15 02:35:40.540540540,S015,East,Clothing,Standard,58,296.23,17181.34
2023-02-15 20:06:29.189189188,S010,East,Sports,Standard,161,201.85,32497.85
2023-02-16 13:37:17.837837836,S005,West,Furniture,Premium,75,487.03,36527.25
2023-02-17 07:08:06.486486488,S005,South,Clothing,Budget,16,274.38,4390.08
2023-02-18 00:38:55.135135136,S010,South,Clothing,Standard,82,141.24,11581.68
2023-02-18 18:09:43.783783784,S005,West,Furniture,Standard,94,356.17,33479.98
2023-02-19 11:40:32.432432432,S003,East,Food,Standard,48,139.39,6690.72
2023-02-20 05:11:21.081081080,S006,East,Electronics,Standard,138,452.6,62458.8
2023-02-20 22:42:09.729729728,S004,South,Food,Standard,82,190.49,15620.18
2023-02-21 16:12:58.378378380,S018,East,Sports,Budget,38,277.18,10532.84
2023-02-22 09:43:47.027027024,S009,North,Furniture,Budget,127,30.03,3813.81
2023-02-23 03:14:35.675675672,S017,South,Food,Standard,19,215.93,4102.67
2023-02-23 20:45:24.324324328,S013,East,Clothing,Premium,164,417.02,68391.28
2023-02-24 14:16:12.972972976,S015,South,Sports,Budget,187,403.8,75510.6
2023-02-25 07:47:01.621621624,S020,North,Sports,Premium,63,116.04,7310.52
2023-02-26 01:17:50.270270272,S017,South,Food,Budget,77,116.91,9002.07
2023-02-26 18:48:38.918918920,S013,South,Food,Standard,174,409.57,71265.18
2023-02-27 12:19:27.567567568,S016,South,Furniture,Budget,131,465.55,60987.05
2023-02-28 05:50:16.216216216,S004,South,Electronics,Standard,102,52.2,5324.4
2023-02-28 23:21:04.864864864,S005,North,Food,Budget,65,227.78,14805.7
2023-03-01 16:51:53.513513512,S005,West,Food,Standard,120,172.04,20644.8
2023-03-02 10:22:42.162162160,S009,South,Clothing,Standard,91,435.99,39675.09
2023-03-03 03:53:30.810810808,S017,South,Sports,Standard,8,46.34,370.72
2023-03-03 21:24:19.459459456,S013,East,Electronics,Standard,179,109.51,19602.29
2023-03-04 14:55:08.108108104,S002,South,Clothing,Premium,73,377.47,27555.31
2023-03-05 08:25:56.756756760,S013,East,Furniture,Standard,134,30.39,4072.26
2023-03-06 01:56:45.405405408,S019,West,Furniture,Premium,107,248.81,26622.67
2023-03-06 19:27:34.054054056,S003,North,Food,Premium,89,223.84,19921.76
2023-03-07 12:58:22.702702704,S010,North,Food,Standard,39,170.53,6650.67
2023-03-08 06:29:11.351351352,S002,West,Furniture,Premium,113,200.31,22635.03
2023-03-09 00:00:00.000000000,S013,North,Food,Budget,188,267.32,50256.16
2023-03-09 17:30:48.648648648,S019,West,Electronics,Standard,28,84.88,2376.64
2023-03-10 11:01:37.297297296,S017,West,Food,Premium,97,288.14,27949.58
2023-03-11 04:32:25.945945944,S014,West,Sports,Standard,182,403.69,73471.58
2023-03-11 22:03:14.594594592,S012,North,Food,Standard,37,381.28,14107.36
2023-03-12 15:34:03.243243240,S012,East,Clothing,Standard,137,81.18,11121.66
2023-03-13 09:04:51.891891888,S011,West,Electronics,Premium,82,78.88,6468.16
2023-03-14 02:35:40.540540544,S007,South,Clothing,Budget,56,137.75,7714.0
2023-03-14 20:06:29.189189192,S004,North,Clothing,Budget,187,183.73,34357.51
2023-03-15 13:37:17.837837840,S019,West,Sports,Premium,85,207.19,17611.15
2023-03-16 07:08:06.486486488,S001,West,Electronics,Standard,2,341.45,682.9
2023-03-17 00:38:55.135135136,S003,South,Electronics,Premium,189,33.06,6248.34
2023-03-17 18:09:43.783783784,S013,East,Electronics,Premium,58,22.16,1285.28
2023-03-18 11:40:32.432432432,S015,East,Electronics,Premium,107,199.0,21293.0
2023-03-19 05:11:21.081081080,S002,East,Electronics,Standard,123,350.1,43062.3
2023-03-19 22:42:09.729729728,S011,West,Sports,Premium,188,100.75,18941.0
2023-03-20 16:12:58.378378376,S004,West,Food,Standard,168,322.54,54186.72
2023-03-21 09:43:47.027027024,S019,West,Clothing,Premium,164,133.61,21912.04
2023-03-22 03:14:35.675675672,S017,North,Electronics,Budget,114,443.61,50571.54
2023-03-22 20:45:24.324324328,S003,South,Food,Premium,107,448.37,47975.59
2023-03-23 14:16:12.972972976,S018,West,Food,Premium,37,152.16,5629.92
2023-03-24 07:47:01.621621624,S008,South,Clothing,Budget,79,118.85,9389.15
2023-03-25 01:17:50.270270272,S019,South,Sports,Standard,92,208.6,19191.2
2023-03-25 18:48:38.918918920,S005,East,Furniture,Standard,18,124.06,2233.08
2023-03-26 12:19:27.567567568,S007,North,Furniture,Premium,98,337.83,33107.34
2023-03-27 05:50:16.216216216,S008,West,Food,Budget,63,413.9,26075.7
2023-03-27 23:21:04.864864864,S005,East,Clothing,Standard,150,338.18,50727.0
2023-03-28 16:51:53.513513512,S017,East,Furniture,Premium,139,413.05,57413.95
2023-03-29 10:22:42.162162160,S005,West,Food,Budget,186,201.51,37480.86
2023-03-30 03:53:30.810810808,S004,South,Sports,Standard,185,82.38,15240.3
2023-03-30 21:24:19.459459456,S019,East,Furniture,Standard,4,370.29,1481.16
2023-03-31 14:55:08.108108104,S002,South,Food,Budget,135,183.43,24763.05
2023-04-01 08:25:56.756756760,S011,North,Food,Budget,61,337.28,20574.08
2023-04-02 01:56:45.405405408,S013,South,Electronics,Budget,107,138.97,14869.79
2023-04-02 19:27:34.054054056,S015,North,Sports,Budget,54,45.21,2441.34
2023-04-03 12:58:22.702702704,S012,South,Electronics,Premium,88,496.33,43677.04
2023-04-04 06:29:11.351351352,S011,East,Clothing,Budget,68,82.32,5597.76
2023-04-05 00:00:00.000000000,S007,East,Electronics,Standard,129,494.27,63760.83
2023-04-05 17:30:48.648648648,S005,North,Electronics,Standard,55,488.75,26881.25
2023-04-06 11:01:37.297297296,S017,West,Furniture,Premium,3,397.94,1193.82
2023-04-07 04:32:25.945945944,S020,North,Food,Standard,166,331.41,55014.06
2023-04-07 22:03:14.594594592,S009,North,Sports,Standard,121,291.01,35212.21
2023-04-08 15:34:03.243243240,S014,South,Electronics,Budget,129,433.72,55949.88
2023-04-09 09:04:51.891891888,S012,South,Sports,Standard,102,148.27,15123.54
2023-04-10 02:35:40.540540544,S006,North,Electronics,Premium,38,236.5,8987.0
2023-04-10 20:06:29.189189192,S017,East,Clothing,Budget,85,311.6,26486.0
2023-04-11 13:37:17.837837840,S019,South,Electronics,Budget,157,208.54,32740.78
2023-04-12 07:08:06.486486488,S019,West,Furniture,Premium,133,216.61,28809.13
2023-04-13 00:38:55.135135136,S016,South,Food,Budget,92,168.49,15501.08
2023-04-13 18:09:43.783783784,S012,South,Clothing,Budget,21,284.29,5970.09
2023-04-14 11:40:32.432432432,S012,West,Electronics,Premium,199,426.03,84779.97
2023-04-15 05:11:21.081081080,S020,North,Sports,Budget,195,104.76,20428.2
2023-04-15 22:42:09.729729728,S006,West,Clothing,Premium,109,467.54,50961.86
2023-04-16 16:12:58.378378376,S004,North,Clothing,Premium,47,346.1,16266.7
2023-04-17 09:43:47.027027024,S006,North,Electronics,Standard,84,412.52,34651.68
2023-04-18 03:14:35.675675672,S011,North,Clothing,Standard,83,280.31,23265.73
2023-04-18 20:45:24.324324328,S001,West,Sports,Budget,35,390.86,13680.1
2023-04-19 14:16:12.972972976,S015,North,Clothing,Budget,196,13.02,2551.92
2023-04-20 07:47:01.621621624,S011,East,Sports,Premium,69,410.1,28296.9
2023-04-21 01:17:50.270270272,S019,West,Electronics,Budget,129,24.87,3208.23
2023-04-21 18:48:38.918918920,S018,East,Food,Premium,196,445.51,87319.96
2023-04-22 12:19:27.567567568,S017,North,Clothing,Premium,140,496.02,69442.8
2023-04-23 05:50:16.216216216,S019,South,Food,Budget,188,150.56,28305.28
2023-04-23 23:21:04.864864864,S014,North,Sports,Premium,27,109.11,2945.97
2023-04-24 16:51:53.513513512,S018,East,Clothing,Standard,56,383.85,21495.6
2023-04-25 10:22:42.162162160,S019,East,Furniture,Budget,23,130.25,2995.75
2023-04-26 03:53:30.810810808,S015,West,Food,Standard,153,433.45,66317.85
2023-04-26 21:24:19.459459456,S015,South,Clothing,Budget,21,55.91,1174.11
2023-04-27 14:55:08.108108104,S004,West,Food,Premium,61,67.35,4108.35
2023-04-28 08:25:56.756756760,S007,East,Clothing,Budget,63,489.68,30849.84
2023-04-29 01:56:45.405405408,S013,North,Electronics,Standard,122,338.55,41303.1
2023-04-29 19:27:34.054054056,S003,South,Food,Premium,52,424.21,22058.92
2023-04-30 12:58:22.702702704,S016,North,Furniture,Budget,88,165.54,14567.52
2023-05-01 06:29:11.351351352,S009,North,Furniture,Budget,153,339.86,51998.58
2023-05-02 00:00:00.000000000,S008,South,Sports,Budget,55,299.15,16453.25
2023-05-02 17:30:48.648648648,S020,West,Clothing,Standard,46,303.56,13963.76
2023-05-03 11:01:37.297297296,S013,North,Food,Standard,32,342.85,10971.2
2023-05-04 04:32:25.945945944,S017,East,Sports,Budget,55,289.8,15939.0
2023-05-04 22:03:14.594594592,S017,North,Food,Premium,96,217.39,20869.44
2023-05-05 15:34:03.243243240,S017,South,Clothing,Premium,133,141.58,18830.14
2023-05-06 09:04:51.891891888,S001,South,Furniture,Standard,36,385.45,13876.2
2023-05-07 02:35:40.540540544,S008,South,Electronics,Premium,110,117.0,12870.0
2023-05-07 20:06:29.189189192,S019,West,Furniture,Standard,177,347.72,61546.44
2023-05-08 13:37:17.837837840,S006,North,Sports,Budget,106,120.5,12773.0
2023-05-09 07:08:06.486486488,S003,West,Electronics,Standard,58,314.54,18243.32
2023-05-10 00:38:55.135135136,S005,West,Sports,Standard,39,374.8,14617.2
2023-05-10 18:09:43.783783784,S013,South,Clothing,Budget,80,113.26,9060.8
2023-05-11 11:40:32.432432432,S015,South,Electronics,Premium,97,34.67,3362.99
2023-05-12 05:11:21.081081080,S014,West,Sports,Standard,113,69.83,7890.79
2023-05-12 22:42:09.729729728,S016,North,Clothing,Standard,61,304.97,18603.17
2023-05-13 16:12:58.378378376,S018,East,Furniture,Budget,137,425.48,58290.76
2023-05-14 09:43:47.027027024,S011,West,Clothing,Premium,6,27.27,163.62
2023-05-15 03:14:35.675675672,S003,North,Food,Standard,109,368.4,40155.6
2023-05-15 20:45:24.324324328,S010,South,Clothing,Budget,35,173.95,6088.25
2023-05-16 14:16:12.972972976,S010,South,Clothing,Standard,39,241.87,9432.93
2023-05-17 07:47:01.621621624,S016,North,Food,Budget,150,464.79,69718.5
2023-05-18 01:17:50.270270272,S012,East,Sports,Premium,169,169.33,28616.77
2023-05-18 18:48:38.918918920,S002,South,Sports,Premium,118,235.34,27770.12
2023-05-19 12:19:27.567567568,S009,South,Clothing,Premium,5,11.77,58.85
2023-05-20 05:50:16.216216216,S003,South,Food,Premium,170,45.39,7716.3
2023-05-20 23:21:04.864864864,S015,North,Food,Standard,87,133.0,11571.0
2023-05-21 16:51:53.513513512,S003,West,Furniture,Standard,76,18.79,1428.04
2023-05-22 10:22:42.162162160,S019,South,Sports,Premium,195,317.53,61918.35
2023-05-23 03:53:30.810810808,S018,West,Electronics,Premium,158,216.07,34139.06
2023-05-23 21:24:19.459459456,S008,East,Sports,Premium,57,276.33,15750.81
2023-05-24 14:55:08.108108104,S017,South,Sports,Standard,127,91.45,11614.15
2023-05-25 08:25:56.756756760,S008,South,Furniture,Premium,29,151.49,4393.21
2023-05-26 01:56:45.405405408,S007,East,Electronics,Premium,165,333.59,55042.35
2023-05-26 19:27:34.054054056,S007,South,Furniture,Premium,87,482.82,42005.34
2023-05-27 12:58:22.702702704,S003,West,Electronics,Budget,141,29.96,4224.36
2023-05-28 06:29:11.351351352,S001,North,Clothing,Premium,160,445.74,71318.4
2023-05-29 00:00:00.000000000,S004,West,Electronics,Budget,46,290.56,13365.76
2023-05-29 17:30:48.648648648,S005,North,Furniture,Budget,116,284.14,32960.24
2023-05-30 11:01:37.297297296,S001,North,Sports,Premium,112,252.64,28295.68
2023-05-31 04:32:25.945945944,S015,West,Electronics,Budget,151,39.35,5941.85
2023-05-31 22:03:14.594594592,S005,West,Electronics,Premium,45,49.49,2227.05
2023-06-01 15:34:03.243243240,S013,West,Food,Standard,145,302.45,43855.25
2023-06-02 09:04:51.891891888,S008,West,Sports,Standard,104,173.77,18072.08
2023-06-03 02:35:40.540540544,S008,East,Clothing,Standard,85,459.05,39019.25
2023-06-03 20:06:29.189189192,S005,South,Furniture,Standard,194,206.26,40014.44
2023-06-04 13:37:17.837837840,S009,North,Clothing,Budget,134,75.92,10173.28
2023-06-05 07:08:06.486486488,S001,West,Sports,Premium,108,358.79,38749.32
2023-06-06 00:38:55.135135136,S004,West,Electronics,Premium,18,150.21,2703.78
2023-06-06 18:09:43.783783784,S003,West,Electronics,Premium,94,265.11,24920.34
2023-06-07 11:40:32.432432432,S002,East,Sports,Standard,150,350.43,52564.5
2023-06-08 05:11:21.081081080,S008,West,Electronics,Standard,33,450.63,14870.79
2023-06-08 22:42:09.729729728,S009,West,Electronics,Premium,158,397.13,62746.54
2023-06-09 16:12:58.378378376,S002,West,Electronics,Standard,126,339.8,42814.8
2023-06-10 09:43:47.027027024,S014,South,Furniture,Premium,160,341.42,54627.2
2023-06-11 03:14:35.675675672,S014,East,Furniture,Premium,170,473.23,80449.1
2023-06-11 20:45:24.324324328,S004,West,Food,Premium,122,151.43,18474.46
2023-06-12 14:16:12.972972976,S006,North,Clothing,Premium,138,5.55,765.9
2023-06-13 07:47:01.621621624,S011,North,Sports,Premium,115,139.62,16056.3
2023-06-14 01:17:50.270270272,S003,North,Sports,Premium,164,112.86,18509.04
2023-06-14 18:48:38.918918920,S008,East,Sports,Premium,162,332.61,53882.82
2023-06-15 12:19:27.567567568,S003,East,Food,Standard,28,318.69,8923.32
2023-06-16 05:50:16.216216216,S014,North,Furniture,Premium,11,298.76,3286.36
2023-06-16 23:21:04.864864864,S013,West,Food,Premium,167,13.04,2177.68
2023-06-17 16:51:53.513513512,S013,East,Sports,Standard,47,365.75,17190.25
2023-06-18 10:22:42.162162160,S002,North,Clothing,Standard,127,165.15,20974.05
2023-06-19 03:53:30.810810808,S013,North,Electronics,Standard,147,334.2,49127.4
2023-06-19 21:24:19.459459456,S019,West,Furniture,Premium,118,280.51,33100.18
2023-06-20 14:55:08.108108104,S006,South,Furniture,Budget,143,174.65,24974.95
2023-06-21 08:25:56.756756760,S016,East,Food,Budget,126,71.62,9024.12
2023-06-22 01:56:45.405405408,S002,West,Furniture,Standard,156,51.74,8071.44
2023-06-22 19:27:34.054054056,S008,North,Sports,Budget,152,416.6,63323.2
2023-06-23 12:58:22.702702704,S017,North,Sports,Standard,72,459.61,33091.92
2023-06-24 06:29:11.351351352,S002,West,Food,Premium,107,326.65,34951.55
2023-06-25 00:00:00.000000000,S010,East,Sports,Budget,137,56.2,7699.4
2023-06-25 17:30:48.648648648,S016,South,Clothing,Premium,175,204.0,35700.0
2023-06-26 11:01:37.297297296,S006,South,Food,Budget,33,365.82,12072.06
2023-06-27 04:32:25.945945944,S002,North,Clothing,Premium,190,391.01,74291.9
2023-06-27 22:03:14.594594592,S002,East,Electronics,Budget,19,63.52,1206.88
2023-06-28 15:34:03.243243240,S013,South,Clothing,Premium,195,5.02,978.9
2023-06-29 09:04:51.891891888,S015,East,Electronics,Premium,74,357.51,26455.74
2023-06-30 02:35:40.540540544,S002,East,Electronics,Budget,168,181.52,30495.36
2023-06-30 20:06:29.189189192,S007,North,Clothing,Premium,175,130.97,22919.75
2023-07-01 13:37:17.837837840,S003,South,Food,Premium,193,11.38,2196.34
2023-07-02 07:08:06.486486488,S008,West,Sports,Premium,157,272.45,42774.65
2023-07-03 00:38:55.135135136,S014,North,Sports,Budget,178,426.32,75884.96
2023-07-03 18:09:43.783783784,S007,South,Electronics,Budget,98,479.03,46944.94
2023-07-04 11:40:32.432432432,S007,South,Electronics,Premium,141,285.04,40190.64
2023-07-05 05:11:21.081081080,S001,South,Food,Premium,129,259.66,33496.14
2023-07-05 22:42:09.729729728,S017,South,Furniture,Budget,162,47.1,7630.2
2023-07-06 16:12:58.378378376,S009,South,Clothing,Budget,93,276.69,25732.17
2023-07-07 09:43:47.027027024,S013,East,Electronics,Premium,176,193.09,33983.84
2023-07-08 03:14:35.675675672,S019,North,Sports,Premium,48,305.53,14665.44
2023-07-08 20:45:24.324324328,S019,East,Food,Premium,177,197.42,34943.34
2023-07-09 14:16:12.972972976,S017,West,Clothing,Standard,64,123.95,7932.8
2023-07-10 07:47:01.621621624,S010,South,Food,Budget,61,52.01,3172.61
2023-07-11 01:17:50.270270272,S010,North,Clothing,Standard,157,160.88,25258.16
2023-07-11 18:48:38.918918920,S004,South,Clothing,Budget,39,52.84,2060.76
2023-07-12 12:19:27.567567568,S008,North,Electronics,Budget,128,92.56,11847.68
2023-07-13 05:50:16.216216216,S020,East,Food,Budget,88,493.73,43448.24
2023-07-13 23:21:04.864864864,S020,North,Food,Budget,26,224.83,5845.58
2023-07-14 16:51:53.513513512,S018,West,Sports,Budget,17,268.28,4560.76
2023-07-15 10:22:42.162162160,S014,West,Sports,Budget,71,437.44,31058.24
2023-07-16 03:53:30.810810808,S018,North,Electronics,Budget,13,497.81,6471.53
2023-07-16 21:24:19.459459456,S014,North,Electronics,Standard,69,293.44,20247.36
2023-07-17 14:55:08.108108104,S020,North,Furniture,Premium,26,407.17,10586.42
2023-07-18 08:25:56.756756760,S015,North,Sports,Premium,49,166.84,8175.16
2023-07-19 01:56:45.405405408,S004,West,Clothing,Standard,195,156.34,30486.3
2023-07-19 19:27:34.054054056,S013,South,Food,Standard,7,204.34,1430.38
2023-07-20 12:58:22.702702704,S008,North,Electronics,Standard,58,337.89,19597.62
2023-07-21 06:29:11.351351352,S018,North,Food,Standard,49,342.68,16791.32
2023-07-22 00:00:00.000000000,S012,West,Food,Budget,103,161.04,16587.12
2023-07-22 17:30:48.648648648,S014,West,Furniture,Premium,53,70.94,3759.82
2023-07-23 11:01:37.297297296,S002,East,Sports,Budget,193,318.04,61381.72
2023-07-24 04:32:25.945945944,S018,North,Electronics,Premium,62,68.52,4248.24
2023-07-24 22:03:14.594594592,S002,East,Food,Premium,17,291.35,4952.95
2023-07-25 15:34:03.243243240,S011,West,Electronics,Standard,171,348.24,59549.04
2023-07-26 09:04:51.891891888,S009,West,Clothing,Budget,25,351.8,8795.0
2023-07-27 02:35:40.540540544,S012,South,Furniture,Standard,131,377.97,49514.07
2023-07-27 20:06:29.189189192,S017,North,Clothing,Budget,29,437.07,12675.03
2023-07-28 13:37:17.837837840,S015,East,Electronics,Premium,117,252.48,29540.16
2023-07-29 07:08:06.486486488,S017,West,Electronics,Standard,160,366.47,58635.2
2023-07-30 00:38:55.135135136,S018,West,Sports,Standard,26,311.49,8098.74
2023-07-30 18:09:43.783783784,S006,East,Food,Premium,124,97.39,12076.36
2023-07-31 11:40:32.432432432,S017,South,Food,Premium,144,17.72,2551.68
2023-08-01 05:11:21.081081080,S018,West,Clothing,Premium,25,145.85,3646.25
2023-08-01 22:42:09.729729728,S008,North,Furniture,Standard,54,224.3,12112.2
2023-08-02 16:12:58.378378376,S009,West,Food,Budget,156,310.47,48433.32
2023-08-03 09:43:47.027027024,S006,North,Sports,Standard,73,425.73,31078.29
2023-08-04 03:14:35.675675672,S005,East,Clothing,Budget,120,102.14,12256.8
2023-08-04 20:45:24.324324328,S012,North,Clothing,Standard,56,67.15,3760.4
2023-08-05 14:16:12.972972976,S011,East,Sports,Standard,65,481.92,31324.8
2023-08-06 07:47:01.621621624,S001,North,Furniture,Premium,93,58.48,5438.64
2023-08-07 01:17:50.270270272,S011,East,Sports,Budget,86,241.85,20799.1
2023-08-07 18:48:38.918918920,S019,North,Furniture,Standard,80,294.85,23588.0
2023-08-08 12:19:27.567567568,S009,South,Sports,Standard,169,272.98,46133.62
2023-08-09 05:50:16.216216216,S002,North,Sports,Premium,108,47.59,5139.72
2023-08-09 23:21:04.864864864,S012,North,Electronics,Premium,179,33.23,5948.17
2023-08-10 16:51:53.513513512,S004,South,Clothing,Budget,118,57.21,6750.78
2023-08-11 10:22:42.162162160,S004,West,Sports,Standard,199,294.87,58679.13
2023-08-12 03:53:30.810810808,S018,West,Sports,Budget,157,274.45,43088.65
2023-08-12 21:24:19.459459456,S015,North,Food,Standard,83,120.7,10018.1
2023-08-13 14:55:08.108108104,S019,South,Clothing,Budget,147,320.7,47142.9
2023-08-14 08:25:56.756756760,S013,North,Food,Premium,194,410.93,79720.42
2023-08-15 01:56:45.405405408,S019,East,Clothing,Standard,169,25.58,4323.02
2023-08-15 19:27:34.054054056,S017,East,Food,Budget,173,251.57,43521.61
2023-08-16 12:58:22.702702704,S006,North,Sports,Premium,15,346.21,5193.15
2023-08-17 06:29:11.351351352,S016,West,Sports,Premium,131,129.89,17015.59
2023-08-18 00:00:00.000000000,S012,West,Electronics,Budget,139,157.35,21871.65
2023-08-18 17:30:48.648648648,S019,North,Food,Standard,181,308.75,55883.75
2023-08-19 11:01:37.297297296,S005,North,Furniture,Standard,174,449.48,78209.52
2023-08-20 04:32:25.945945944,S017,East,Electronics,Premium,30,405.91,12177.3
2023-08-20 22:03:14.594594592,S001,West,Food,Standard,57,293.65,16738.05
2023-08-21 15:34:03.243243240,S010,North,Food,Standard,146,366.46,53503.16
2023-08-22 09:04:51.891891888,S015,East,Electronics,Standard,179,185.59,33220.61
2023-08-23 02:35:40.540540544,S011,West,Sports,Premium,128,322.28,41251.84
2023-08-23 20:06:29.189189192,S013,South,Food,Budget,48,235.76,11316.48
2023-08-24 13:37:17.837837840,S005,East,Sports,Standard,194,99.02,19209.88
2023-08-25 07:08:06.486486488,S001,West,Electronics,Premium,136,352.36,47920.96
2023-08-26 00:38:55.135135136,S012,West,Sports,Premium,22,280.45,6169.9
2023-08-26 18:09:43.783783784,S011,East,Clothing,Budget,6,182.52,1095.12
2023-08-27 11:40:32.432432432,S017,South,Furniture,Standard,185,456.11,84380.35
2023-08-28 05:11:21.081081080,S004,East,Food,Standard,104,15.36,1597.44
2023-08-28 22:42:09.729729728,S015,West,Furniture,Budget,36,161.31,5807.16
2023-08-29 16:12:58.378378376,S009,North,Sports,Budget,79,33.16,2619.64
2023-08-30 09:43:47.027027024,S020,North,Food,Premium,116,384.43,44593.88
2023-08-31 03:14:35.675675672,S019,East,Sports,Premium,57,352.54,20094.78
2023-08-31 20:45:24.324324328,S019,West,Clothing,Budget,49,169.02,8281.98
2023-09-01 14:16:12.972972976,S012,North,Electronics,Standard,173,339.45,58724.85
2023-09-02 07:47:01.621621624,S005,West,Food,Premium,82,200.99,16481.18
2023-09-03 01:17:50.270270272,S010,East,Clothing,Premium,66,379.35,25037.1
2023-09-03 18:48:38.918918920,S017,North,Clothing,Standard,77,229.82,17696.14
2023-09-04 12:19:27.567567568,S005,West,Food,Premium,45,209.08,9408.6
2023-09-05 05:50:16.216216216,S016,North,Sports,Standard,79,467.69,36947.51
2023-09-05 23:21:04.864864864,S007,East,Clothing,Standard,20,129.19,2583.8
2023-09-06 16:51:53.513513512,S009,West,Furniture,Standard,192,64.62,12407.04
2023-09-07 10:22:42.162162160,S003,North,Clothing,Budget,123,294.35,36205.05
2023-09-08 03:53:30.810810808,S015,East,Sports,Budget,67,484.81,32482.27
2023-09-08 21:24:19.459459456,S016,North,Sports,Budget,83,192.03,15938.49
2023-09-09 14:55:08.108108104,S018,North,Furniture,Standard,3,35.71,107.13
2023-09-10 08:25:56.756756760,S014,South,Clothing,Standard,182,172.96,31478.72
2023-09-11 01:56:45.405405408,S003,South,Sports,Budget,64,255.44,16348.16
2023-09-11 19:27:34.054054056,S012,East,Food,Premium,40,85.15,3406.0
2023-09-12 12:58:22.702702704,S009,South,Electronics,Standard,59,330.76,19514.84
2023-09-13 06:29:11.351351352,S007,East,Electronics,Premium,183,498.89,91296.87
2023-09-14 00:00:00.000000000,S009,South,Electronics,Premium,62,228.61,14173.82
2023-09-14 17:30:48.648648648,S013,North,Clothing,Standard,132,180.59,23837.88
2023-09-15 11:01:37.297297296,S018,East,Furniture,Standard,60,203.35,12201.0
2023-09-16 04:32:25.945945944,S005,East,Sports,Premium,116,62.0,7192.0
2023-09-16 22:03:14.594594592,S013,North,Food,Premium,75,442.22,33166.5
2023-09-17 15:34:03.243243240,S004,East,Food,Budget,122,210.34,25661.48
2023-09-18 09:04:51.891891888,S002,East,Clothing,Budget,107,196.7,21046.9
2023-09-19 02:35:40.540540544,S016,South,Electronics,Standard,96,331.55,31828.8
2023-09-19 20:06:29.189189192,S009,East,Clothing,Budget,91,223.81,20366.71
2023-09-20 13:37:17.837837840,S009,West,Furniture,Budget,158,325.88,51489.04
2023-09-21 07:08:06.486486488,S006,North,Furniture,Budget,130,35.42,4604.6
2023-09-22 00:38:55.135135136,S011,South,Sports,Budget,62,407.79,25282.98
2023-09-22 18:09:43.783783784,S001,South,Sports,Premium,49,470.55,23056.95
2023-09-23 11:40:32.432432432,S004,West,Furniture,Standard,137,326.14,44681.18
2023-09-24 05:11:21.081081080,S013,North,Furniture,Budget,92,477.51,43930.92
2023-09-24 22:42:09.729729728,S013,North,Furniture,Premium,159,79.96,12713.64
2023-09-25 16:12:58.378378376,S013,South,Clothing,Premium,124,241.32,29923.68
2023-09-26 09:43:47.027027024,S002,East,Furniture,Premium,61,302.89,18476.29
2023-09-27 03:14:35.675675672,S009,South,Food,Budget,48,292.96,14062.08
2023-09-27 20:45:24.324324328,S008,North,Electronics,Budget,153,203.72,31169.16
2023-09-28 14:16:12.972972976,S007,West,Furniture,Standard,164,172.35,28265.4
2023-09-29 07:47:01.621621624,S004,South,Electronics,Budget,136,67.78,9218.08
2023-09-30 01:17:50.270270272,S018,North,Clothing,Budget,58,198.91,11536.78
2023-09-30 18:48:38.918918920,S003,South,Electronics,Premium,101,85.52,8637.52
2023-10-01 12:19:27.567567568,S006,East,Clothing,Standard,112,368.51,41273.12
2023-10-02 05:50:16.216216216,S012,South,Food,Budget,173,108.37,18748.01
2023-10-02 23:21:04.864864864,S012,South,Clothing,Budget,62,33.99,2107.38
2023-10-03 16:51:53.513513512,S008,North,Clothing,Premium,39,278.42,10858.38
2023-10-04 10:22:42.162162160,S001,North,Sports,Premium,58,299.64,17379.12
2023-10-05 03:53:30.810810808,S004,North,Furniture,Budget,99,436.6,43223.4
2023-10-05 21:24:19.459459456,S011,South,Furniture,Standard,192,290.61,55797.12
2023-10-06 14:55:08.108108104,S003,East,Food,Standard,44,176.01,7744.44
2023-10-07 08:25:56.756756760,S013,West,Food,Premium,29,402.49,11672.21
2023-10-08 01:56:45.405405408,S017,West,Furniture,Premium,59,272.44,16073.96
2023-10-08 19:27:34.054054056,S010,North,Sports,Budget,71,44.24,3141.04
2023-10-09 12:58:22.702702704,S012,North,Furniture,Premium,92,285.1,26229.2
2023-10-10 06:29:11.351351352,S015,South,Sports,Budget,9,454.47,4090.23
2023-10-11 00:00:00.000000000,S010,West,Food,Standard,127,201.17,25548.59
2023-10-11 17:30:48.648648648,S014,North,Electronics,Standard,134,151.68,20325.12
2023-10-12 11:01:37.297297296,S013,East,Food,Budget,157,76.02,11935.14
2023-10-13 04:32:25.945945944,S005,East,Food,Premium,186,79.97,14874.42
2023-10-13 22:03:14.594594592,S006,North,Clothing,Standard,145,219.22,31786.9
2023-10-14 15:34:03.243243240,S002,North,Clothing,Premium,144,299.86,43179.84
2023-10-15 09:04:51.891891888,S017,West,Clothing,Standard,131,44.9,5881.9
2023-10-16 02:35:40.540540544,S004,West,Clothing,Budget,21,470.09,9871.89
2023-10-16 20:06:29.189189192,S014,South,Sports,Budget,64,378.79,24242.56
2023-10-17 13:37:17.837837840,S010,West,Furniture,Budget,90,295.38,26584.2
2023-10-18 07:08:06.486486488,S003,East,Electronics,Standard,36,415.08,14942.88
2023-10-19 00:38:55.135135136,S003,East,Food,Premium,62,44.69,2770.78
2023-10-19 18:09:43.783783784,S015,North,Sports,Premium,170,241.04,40976.8
2023-10-20 11:40:32.432432432,S006,West,Electronics,Premium,76,316.9,24084.4
2023-10-21 05:11:21.081081080,S017,South,Sports,Standard,170,415.18,70580.6
2023-10-21 22:42:09.729729728,S012,East,Sports,Standard,189,392.82,74242.98
2023-10-22 16:12:58.378378376,S020,East,Food,Standard,13,142.15,1847.95
2023-10-23 09:43:47.027027024,S011,South,Furniture,Standard,11,470.74,5178.14
2023-10-24 03:14:35.675675672,S004,South,Clothing,Standard,54,66.55,3593.7
2023-10-24 20:45:24.324324328,S006,East,Furniture,Premium,16,438.19,7011.04
2023-10-25 14:16:12.972972976,S001,East,Food,Standard,8,485.62,3884.96
2023-10-26 07:47:01.621621624,S020,South,Food,Standard,104,92.69,9639.76
2023-10-27 01:17:50.270270272,S016,East,Food,Premium,59,362.42,21382.78
2023-10-27 18:48:38.918918920,S015,North,Electronics,Standard,57,24.94,1421.58
2023-10-28 12:19:27.567567568,S017,North,Furniture,Premium,40,205.68,8227.2
2023-10-29 05:50:16.216216216,S008,South,Furniture,Premium,187,260.56,48724.72
2023-10-29 23:21:04.864864864,S012,West,Sports,Budget,130,292.42,38014.6
2023-10-30 16:51:53.513513512,S010,South,Sports,Budget,94,468.29,44019.26
2023-10-31 10:22:42.162162160,S015,South,Sports,Budget,138,337.76,46610.88
2023-11-01 03:53:30.810810808,S009,West,Food,Budget,44,243.23,10702.12
2023-11-01 21:24:19.459459456,S002,West,Furniture,Standard,139,405.79,56404.81
2023-11-02 14:55:08.108108104,S005,West,Food,Budget,80,475.51,38040.8
2023-11-03 08:25:56.756756760,S006,North,Electronics,Premium,81,15.92,1289.52
2023-11-04 01:56:45.405405408,S007,East,Sports,Standard,2,491.35,982.7
2023-11-04 19:27:34.054054056,S001,North,Food,Budget,178,47.64,8479.92
2023-11-05 12:58:22.702702704,S007,East,Food,Premium,140,408.12,57136.8
2023-11-06 06:29:11.351351352,S020,North,Electronics,Standard,115,143.77,16533.55
2023-11-07 00:00:00.000000000,S012,East,Clothing,Standard,90,70.43,6338.7
2023-11-07 17:30:48.648648648,S016,North,Furniture,Budget,23,222.73,5122.79
2023-11-08 11:01:37.297297296,S016,West,Clothing,Standard,146,323.76,47268.96
2023-11-09 04:32:25.945945944,S011,South,Sports,Premium,62,193.57,12001.34
2023-11-09 22:03:14.594594592,S004,North,Food,Standard,113,32.01,3617.13
2023-11-10 15:34:03.243243240,S013,East,Electronics,Premium,128,301.73,38621.44
2023-11-11 09:04:51.891891888,S007,West,Electronics,Standard,62,451.69,28004.78
2023-11-12 02:35:40.540540544,S004,North,Furniture,Budget,38,194.69,7398.22
2023-11-12 20:06:29.189189192,S015,North,Clothing,Premium,195,112.08,21855.6
2023-11-13 13:37:17.837837840,S019,West,Furniture,Standard,166,224.08,37197.28
2023-11-14 07:08:06.486486488,S009,North,Food,Standard,195,28.94,5643.3
2023-11-15 00:38:55.135135136,S011,South,Furniture,Standard,61,411.14,25079.54
2023-11-15 18:09:43.783783784,S008,North,Electronics,Premium,129,414.04,53411.16
2023-11-16 11:40:32.432432432,S001,South,Electronics,Premium,173,296.06,51218.38
2023-11-17 05:11:21.081081080,S008,South,Sports,Premium,156,179.79,28047.24
2023-11-17 22:42:09.729729728,S013,West,Sports,Budget,149,400.89,59732.61
2023-11-18 16:12:58.378378376,S004,North,Food,Budget,122,279.57,34107.54
2023-11-19 09:43:47.027027024,S008,West,Clothing,Premium,110,413.84,45522.4
2023-11-20 03:14:35.675675672,S003,North,Furniture,Standard,13,317.57,4128.41
2023-11-20 20:45:24.324324328,S009,North,Food,Budget,155,393.28,60958.4
2023-11-21 14:16:12.972972976,S002,East,Sports,Premium,100,301.29,30129.0
2023-11-22 07:47:01.621621624,S002,North,Furniture,Standard,135,210.0,28350.0
2023-11-23 01:17:50.270270272,S013,West,Sports,Budget,22,479.18,10541.96
2023-11-23 18:48:38.918918920,S015,South,Furniture,Standard,74,272.85,20190.9
2023-11-24 12:19:27.567567568,S012,North,Clothing,Standard,181,304.52,55118.12
2023-11-25 05:50:16.216216216,S004,East,Food,Standard,132,114.14,15066.48
2023-11-25 23:21:04.864864864,S008,West,Furniture,Standard,23,314.7,7238.1
2023-11-26 16:51:53.513513512,S009,North,Electronics,Budget,119,287.95,34266.05
2023-11-27 10:22:42.162162160,S005,West,Electronics,Budget,70,96.5,6755.0
2023-11-28 03:53:30.810810808,S020,East,Furniture,Budget,84,34.5,2898.0
2023-11-28 21:24:19.459459456,S018,East,Furniture,Premium,101,304.16,30720.16
2023-11-29 14:55:08.108108104,S011,West,Furniture,Budget,84,383.03,32174.52
2023-11-30 08:25:56.756756760,S015,North,Electronics,Standard,161,264.08,42516.88
2023-12-01 01:56:45.405405408,S009,South,Electronics,Budget,28,117.25,3283.0
2023-12-01 19:27:34.054054056,S017,East,Furniture,Standard,136,334.93,45550.48
2023-12-02 12:58:22.702702704,S012,North,Sports,Premium,1,44.65,44.65
2023-12-03 06:29:11.351351352,S007,North,Sports,Standard,165,223.71,36912.15
2023-12-04 00:00:00.000000000,S010,South,Clothing,Standard,63,85.87,5409.81
2023-12-04 17:30:48.648648648,S010,East,Food,Standard,22,96.31,2118.82
2023-12-05 11:01:37.297297296,S013,East,Sports,Premium,70,105.14,7359.8
2023-12-06 04:32:25.945945944,S019,North,Electronics,Budget,125,196.42,24552.5
2023-12-06 22:03:14.594594592,S011,North,Sports,Budget,149,30.32,4517.68
2023-12-07 15:34:03.243243240,S013,South,Clothing,Premium,96,201.91,19383.36
2023-12-08 09:04:51.891891888,S008,South,Clothing,Standard,163,258.3,42102.9
2023-12-09 02:35:40.540540544,S008,East,Food,Budget,79,244.23,19294.17
2023-12-09 20:06:29.189189192,S004,West,Sports,Premium,5,194.48,972.4
2023-12-10 13:37:17.837837840,S015,East,Electronics,Budget,60,420.38,25222.8
2023-12-11 07:08:06.486486488,S011,North,Electronics,Premium,120,76.94,9232.8
2023-12-12 00:38:55.135135136,S011,East,Furniture,Standard,46,255.32,11744.72
2023-12-12 18:09:43.783783784,S001,West,Electronics,Budget,178,35.71,6356.38
2023-12-13 11:40:32.432432432,S017,South,Food,Premium,176,40.22,7078.72
2023-12-14 05:11:21.081081080,S015,West,Food,Budget,134,289.06,38734.04
2023-12-14 22:42:09.729729728,S020,West,Electronics,Budget,56,285.18,15970.08
2023-12-15 16:12:58.378378376,S006,West,Electronics,Budget,110,439.63,48359.3
2023-12-16 09:43:47.027027024,S015,South,Furniture,Budget,187,281.15,52575.05
2023-12-17 03:14:35.675675672,S009,West,Electronics,Premium,157,480.1,75375.7
2023-12-17 20:45:24.324324328,S014,West,Furniture,Standard,199,29.1,5790.9
2023-12-18 14:16:12.972972976,S018,West,Furniture,Premium,104,53.51,5565.04
2023-12-19 07:47:01.621621624,S017,North,Electronics,Premium,77,26.81,2064.37
2023-12-20 01:17:50.270270272,S018,West,Clothing,Premium,146,96.71,14119.66
2023-12-20 18:48:38.918918920,S005,South,Clothing,Standard,2,272.93,545.86
2023-12-21 12:19:27.567567568,S020,West,Furniture,Budget,8,324.56,2596.48
2023-12-22 05:50:16.216216216,S020,West,Electronics,Budget,75,27.56,2067.0
2023-12-22 23:21:04.864864864,S009,South,Clothing,Budget,182,473.26,86133.32
2023-12-23 16:51:53.513513512,S011,West,Electronics,Standard,125,421.87,52733.75
2023-12-24 10:22:42.162162160,S001,South,Electronics,Budget,38,151.82,5769.16
2023-12-25 03:53:30.810810808,S018,West,Electronics,Standard,176,43.21,7604.96
2023-12-25 21:24:19.459459456,S006,South,Sports,Budget,27,89.09,2405.43
2023-12-26 14:55:08.108108104,S002,West,Electronics,Budget,20,67.84,1356.8
2023-12-27 08:25:56.756756760,S015,West,Sports,Premium,140,66.03,9244.2
2023-12-28 01:56:45.405405408,S014,North,Furniture,Standard,43,261.69,11252.67
2023-12-28 19:27:34.054054056,S005,North,Clothing,Premium,189,126.69,23944.41
2023-12-29 12:58:22.702702704,S006,West,Clothing,Premium,31,182.28,5650.68
2023-12-30 06:29:11.351351352,S006,West,Clothing,Premium,91,494.81,45027.71
2023-12-31 00:00:00.000000000,S018,East,Clothing,Standard,61,343.74,20968.14
